{
  "pre_rl_reward": 0.7605,
  "post_rl_reward": 0.8203628506196999,
  "improvement": 0.05986285061969998
}